timestamp,flame_temp_C,gas_flow_rate_m3ps,methane_ppm,flame_status
2025-06-21 19:24:50.275483,964.901424590337,2.65139772332907,5.187836753971861,1
2025-06-21 19:24:51.275483,945.8520709648644,2.3155669351644748,4.355891688312121,1
2025-06-21 19:24:52.275483,969.4306561430208,2.673921184021132,5.183446254548426,0
2025-06-21 19:24:53.275483,995.6908956922407,2.77112757176099,5.814947043554582,1
2025-06-21 19:24:54.275483,942.9753987582999,2.5826869806447403,5.073290105488557,1
2025-06-21 19:24:55.275483,942.9758912915246,2.875359162511613,5.060887536805824,1
2025-06-21 19:24:56.275483,997.3763844652217,2.345242160179285,3.947012468289867,1
2025-06-21 19:24:57.275483,973.0230418745873,2.2510690593377167,4.0056486236735775,1
2025-06-21 19:24:58.275483,935.9157684219514,2.1442559502191445,2.8960920923004596,1
2025-06-21 19:24:59.275483,966.2768013075789,2.799208862297837,7.624365114780409,1
2025-06-21 19:25:00.275483,936.0974692156261,2.6308731312708113,3.1342051469130725,1
2025-06-21 19:25:01.275483,936.0281073928923,2.488883065817909,3.960642203306139,1
2025-06-21 19:25:02.275483,957.2588681469811,2.555993725263964,3.922389101646204,1
2025-06-21 19:25:03.275483,892.6015926602661,2.274902190540325,6.342386565416662,1
2025-06-21 19:25:04.275483,898.252465024609,2.989150395923365,4.557575482561958,1
2025-06-21 19:25:05.275483,933.1313741227708,2.5258442363950455,6.8716131090106005,1
2025-06-21 19:25:06.275483,919.6150663899673,2.5218789589209787,3.989764063634197,1
2025-06-21 19:25:07.275483,959.4274199778582,2.6451533247797383,5.418491243335703,1
2025-06-21 19:25:08.275483,922.7592777343636,2.5962018463473426,3.746979420110364,1
2025-06-21 19:25:09.275483,907.6308889599412,2.544776804855826,8.217723691660083,1
2025-06-21 19:25:10.275483,993.9694630676466,2.3419051089109377,3.218602371455731,1
2025-06-21 19:25:11.275483,943.2267109854039,2.594293671427199,5.464731065340541,1
2025-06-21 19:25:12.275483,952.0258461406377,2.876404899295007,5.950665321398148,1
2025-06-21 19:25:13.275483,907.2575544135963,2.7690840092309954,5.620698646177248,1
2025-06-21 19:25:14.275483,933.6685182642445,2.8186373253278796,4.722068511683437,1
2025-06-21 19:25:15.275483,953.327677691296,2.397756864713763,4.805268950399861,1
2025-06-21 19:25:16.275483,915.4701926773309,2.302079035948284,5.065717207968665,1
2025-06-21 19:25:17.275483,961.2709405503701,2.4748426159800703,4.779496997557267,1
2025-06-21 19:25:18.275483,931.9808393024358,2.511144982457739,6.445818675192364,1
2025-06-21 19:25:19.275483,941.2491875062017,2.7188383036941897,8.315784502387027,1
2025-06-21 19:25:20.275483,931.9488016331181,2.1615070740570363,4.16376232248825,1
2025-06-21 19:25:21.275483,1005.5683455352681,2.8059100638921226,2.945295530631383,1
2025-06-21 19:25:22.275483,949.595083257862,2.468398420284202,4.8675769274731175,1
2025-06-21 19:25:23.275483,918.268672131323,2.414623786010516,8.869564006481479,1
2025-06-21 19:25:24.275483,974.6763473630957,2.2975791249479665,3.794488148045404,1
2025-06-21 19:25:25.275483,913.3746905008693,2.169028665626846,7.458675208166101,1
2025-06-21 19:25:26.275483,956.2659078501426,2.664634116792383,7.516551221114661,1
2025-06-21 19:25:27.275483,891.2098962836068,2.514663593437681,4.169617637438008,1
2025-06-21 19:25:28.275483,910.1544185330471,2.2420078200517892,5.853474618777913,1
2025-06-21 19:25:29.275483,955.9058370760737,2.240984245587277,7.442594934692807,1
2025-06-21 19:25:30.275483,972.1539973998623,2.432843060141974,4.43130838851877,1
2025-06-21 19:25:31.275483,955.1410484356991,2.8338043050578787,4.694629459846458,1
2025-06-21 19:25:32.275483,946.5305515283528,2.448081729727279,4.127478629077034,1
2025-06-21 19:25:33.275483,940.9668891323213,2.1993714093763788,3.4778649039606995,1
2025-06-21 19:25:34.275483,905.6443402889772,2.4508513871828113,4.026083682400989,1
2025-06-21 19:25:35.275483,928.4046737481588,2.445455286050466,3.164089599856615,1
2025-06-21 19:25:36.275483,936.1808368712063,1.9606226714116857,5.051125202388839,1
2025-06-21 19:25:37.275483,981.7136667865675,2.4891410266964376,3.8450401534120373,1
2025-06-21 19:25:38.275483,960.3085486870539,2.4538130939582645,5.350678867686121,1
2025-06-21 19:25:39.275483,897.1087953391179,2.6392412729626837,2.666156530694559,1
2025-06-21 19:25:40.275483,959.7225190818439,2.869791218989069,5.496320348321685,1
2025-06-21 19:25:41.275483,938.4475315875105,2.7253130059095514,6.250293442413387,1
2025-06-21 19:25:42.275483,929.6923399908212,2.4462222618890337,2.009396536142817,1
2025-06-21 19:25:43.275483,968.350288665226,2.2786948182516658,5.561084854771358,1
2025-06-21 19:25:44.275483,980.9299856748785,3.014671960649972,6.841503488709938,1
2025-06-21 19:25:45.275483,977.938403573486,2.5118436868028975,3.185538471963192,1
2025-06-21 19:25:46.275483,924.8234743033208,2.5027858583825893,7.508858580256555,1
2025-06-21 19:25:47.275483,940.7236287244635,2.4951749825779994,5.6285285140490675,1
2025-06-21 19:25:48.275483,959.9379029421069,2.539616952153571,3.9424822163623867,1
2025-06-21 19:25:49.275483,979.2663538136708,2.4711279176152114,4.916346383513441,1
2025-06-21 19:25:50.275483,935.6247728646413,2.385267598623953,5.837490368782584,1
2025-06-21 19:25:51.275483,944.4302307000855,2.3906282117519218,5.114008087118617,1
2025-06-21 19:25:52.275483,916.8099507798191,2.4934493459568,5.808133988669554,1
2025-06-21 19:25:53.275483,914.1138012775799,2.391315045773247,3.6189896103809507,1
2025-06-21 19:25:54.275483,974.375774671826,2.357430843464567,5.254041236054117,1
2025-06-21 19:25:55.275483,990.6872008571247,2.521286045538379,2.8794282546425296,1
2025-06-21 19:25:56.275483,947.83969635259,2.449004556515829,4.83316090797695,1
2025-06-21 19:25:57.275483,980.1059869367607,2.800798597716538,3.6441385378028155,1
2025-06-21 19:25:58.275483,960.849080751429,1.9698060383213976,3.8967050861153503,1
2025-06-21 19:25:59.275483,930.6464073618463,2.7183013703844923,6.854139762815656,1
2025-06-21 19:26:00.275483,960.8418681652524,2.749217038499526,6.636965180891403,1
2025-06-21 19:26:01.275483,996.1410969939791,2.08532195351837,5.913707181360765,1
2025-06-21 19:26:02.275483,948.9252188267014,2.4314624811839303,3.3615308529911316,1
2025-06-21 19:26:03.275483,996.9393096744202,2.4257118268008417,4.525387325457797,1
2025-06-21 19:26:04.275483,871.4076468773077,2.2184976610564355,6.819646549968775,1
2025-06-21 19:26:05.275483,974.6570751312568,2.344436662481825,5.212575370459857,1
2025-06-21 19:26:06.275483,952.6114120471451,2.2778848309068342,8.478994309972542,1
2025-06-21 19:26:07.275483,941.0297794860239,2.8504540886847245,5.589976759091558,1
2025-06-21 19:26:08.275483,952.7528232960651,2.687135678629492,5.288073674735047,1
2025-06-21 19:26:09.275483,890.3729325619732,2.754311018998832,4.536325303696248,1
2025-06-21 19:26:10.275483,943.4098433648746,2.644334412808647,5.200311357173423,1
2025-06-21 19:26:11.275483,960.7133771453524,2.2741896457565542,4.771295245429184,1
2025-06-21 19:26:12.275483,994.3368213422455,2.3950959467440454,6.062163015032885,1
2025-06-21 19:26:13.275483,934.4518934517906,2.5978749122455835,6.435053475191876,1
2025-06-21 19:26:14.275483,925.7451919132044,2.2555744382216107,3.8210158092380757,1
2025-06-21 19:26:15.275483,934.9472886924639,2.642599686034478,3.003150569663333,1
2025-06-21 19:26:16.275483,977.4620635310622,2.451934920368373,2.245691940345055,1
2025-06-21 19:26:17.275483,959.8625332897906,2.4250358384900803,5.761986990368816,1
2025-06-21 19:26:18.275483,934.1071938869889,2.642191993640698,3.3449500907391894,1
2025-06-21 19:26:19.275483,965.3980229934007,2.588852662297208,1.7706641105712757,1
2025-06-21 19:26:20.275483,952.9123264804413,2.4278067668361842,5.582867906796446,1
2025-06-21 19:26:21.275483,979.0593497159866,2.7318659606728497,8.739499276149186,1
2025-06-21 19:26:22.275483,928.9384071836794,2.2837873344800204,4.99089363269016,1
2025-06-21 19:26:23.275483,940.1701356020669,2.623187121388853,6.257736161677463,1
2025-06-21 19:26:24.275483,938.2367554060353,2.618620251593677,5.122744037821348,1
2025-06-21 19:26:25.275483,906.0945515560364,2.438090712137202,4.851665520213286,1
2025-06-21 19:26:26.275483,958.8836083119373,2.5652266044484238,6.378614724481653,1
2025-06-21 19:26:27.275483,957.8316581653967,2.2497772847229394,4.564588183717023,1
2025-06-21 19:26:28.275483,950.1534036992738,2.6848054038413802,5.401088471107855,1
2025-06-21 19:26:29.275483,942.9623859987456,2.4630195727114024,5.48254670929402,1
2025-06-21 19:26:30.275483,907.5388777384876,2.395455395896192,3.997864319535427,1
2025-06-21 19:26:31.275483,937.3806403170393,2.709801845167378,6.488063524304784,1
2025-06-21 19:26:32.275483,939.7185645041969,2.359131261891448,4.737560364956887,1
2025-06-21 19:26:33.275483,925.9316819233514,2.218307740727288,3.8663822607607328,1
2025-06-21 19:26:34.275483,945.1614286500197,2.188674165295219,5.804764765355605,1
2025-06-21 19:26:35.275483,962.1215257044362,2.621201990269128,3.652298027313444,1
2025-06-21 19:26:36.275483,1006.585577036316,2.243914129500743,5.042271736053692,1
2025-06-21 19:26:37.275483,955.2373343849551,2.850958836396873,4.986321505033695,1
2025-06-21 19:26:38.275483,957.726511721683,2.0836141184232555,6.628843348747367,1
2025-06-21 19:26:39.275483,947.766622527015,2.8392912736580076,5.7120473493199295,1
2025-06-21 19:26:40.275483,892.4368635410287,2.5422034934405238,4.962459561882284,1
2025-06-21 19:26:41.275483,949.2045837365235,2.4806573776259215,6.226649448800431,1
2025-06-21 19:26:42.275483,951.8069062982308,2.39101618263821,7.0853113235259695,1
2025-06-21 19:26:43.275483,1023.8972633745586,2.579827222870414,5.8367154595277935,1
2025-06-21 19:26:44.275483,944.2291710565663,2.49247305951503,5.015528929765071,1
2025-06-21 19:26:45.275483,959.0464202700084,2.720660376403304,3.032245651474761,1
2025-06-21 19:26:46.275483,948.9586469088428,2.522845529732408,3.402329505386941,1
2025-06-21 19:26:47.275483,914.939658871414,2.5300603522923755,4.542162943467998,1
2025-06-21 19:26:48.275483,984.2846844354506,2.427277557557229,4.0857316967610755,1
2025-06-21 19:26:49.275483,972.5579909806032,2.4886108752557865,4.7195430455218315,1
2025-06-21 19:26:50.275483,973.7309584112915,2.561560353778412,5.084974887345661,1
2025-06-21 19:26:51.275483,922.7183763561578,2.157966321468675,5.794539131535096,1
2025-06-21 19:26:52.275483,992.083829328083,2.2303629155788576,4.894251832911364,1
2025-06-21 19:26:53.275483,907.9444681162315,2.648652818804543,5.729752465739303,1
2025-06-21 19:26:54.275483,967.6057128140081,2.5341730876255886,5.096711622215181,1
2025-06-21 19:26:55.275483,1015.7136687742993,2.463203332729464,2.036800150469193,1
2025-06-21 19:26:56.275483,920.2839102460794,2.5036867866130788,3.5909969092718685,1
2025-06-21 19:26:57.275483,933.0110681119169,2.569516341072334,4.783868666417577,1
2025-06-21 19:26:58.275483,952.9895409526292,2.3920480639381276,3.1854578857383387,1
2025-06-21 19:26:59.275483,934.895730376514,2.3443390549195375,5.899893094994306,1
2025-06-21 19:27:00.275483,903.480097068016,2.5391690510195364,7.296126248515546,1
2025-06-21 19:27:01.275483,952.0568892441809,2.3043254444769934,6.828142777545975,1
2025-06-21 19:27:02.275483,918.1308885882169,2.581650551142894,4.679835693604688,1
2025-06-21 19:27:03.275483,964.2077729190554,2.1594832791524317,7.2360892052749275,1
2025-06-21 19:27:04.275483,922.4172729729859,2.7058311274651285,5.2230011858031675,1
2025-06-21 19:27:05.275483,996.4980321505262,2.594519496482609,4.494371043322941,1
2025-06-21 19:27:06.275483,926.5024012299128,2.5512059468627752,4.079896004688591,1
2025-06-21 19:27:07.275483,940.3381545138297,2.6965381967891027,4.546295470267808,1
2025-06-21 19:27:08.275483,974.4055165210901,2.833094888892515,4.417734772188156,1
2025-06-21 19:27:09.275483,913.0740705069813,2.702874013003626,5.255624333563231,1
2025-06-21 19:27:10.275483,956.8237980381239,2.1318251537336708,5.240860971574797,1
2025-06-21 19:27:11.275483,989.2142826284728,2.2440846066528595,5.004569030230122,1
2025-06-21 19:27:12.275483,901.7755029631631,2.3750362844608643,5.655407254619525,1
2025-06-21 19:27:13.275483,955.5390157559691,2.505218210042167,6.7859694121795116,1
2025-06-21 19:27:14.275483,957.7964838274527,2.6035318040938247,6.4243312031619855,1
2025-06-21 19:27:15.275483,973.4546861533194,2.354851237369307,2.7726530473251447,1
2025-06-21 19:27:16.275483,912.8914786736575,2.5373533528954155,1.169118297647068,1
2025-06-21 19:27:17.275483,910.3863016074718,2.3489234135293353,6.40147986685891,1
2025-06-21 19:27:18.275483,965.6582469685069,2.3776964394016105,2.9496819523768685,0
2025-06-21 19:27:19.275483,958.9095401969956,2.2186677806303554,4.662851897160975,1
2025-06-21 19:27:20.275483,957.5147855103763,2.3153533507778192,3.244830460910961,1
2025-06-21 19:27:21.275483,960.3934462849093,2.229663078876733,2.2970293436299705,1
2025-06-21 19:27:22.275483,929.5992583526453,2.3048253494045334,5.812194092307182,1
2025-06-21 19:27:23.275483,956.9676109148301,2.710728359321568,6.13873274045397,1
2025-06-21 19:27:24.275483,958.7921741989604,2.3101202222336115,4.135234398909921,1
2025-06-21 19:27:25.275483,928.5694574592089,3.026476412967478,1.1134365617826352,1
2025-06-21 19:27:26.275483,1005.9732353343427,2.598663580176178,4.180633327621276,1
2025-06-21 19:27:27.275483,964.2149876273536,2.5369672247389747,5.58770600810382,1
2025-06-21 19:27:28.275483,914.2608950839206,2.3283284439637573,2.7816326468388066,1
2025-06-21 19:27:29.275483,969.6966082590149,2.6400619758817983,5.275039879668734,1
2025-06-21 19:27:30.275483,920.7595498931804,2.3848724347524453,4.977035226240507,1
2025-06-21 19:27:31.275483,973.6125381122736,2.524401962929072,5.8689372494016325,1
2025-06-21 19:27:32.275483,984.7578673702221,3.012016907653759,5.17937055262123,1
2025-06-21 19:27:33.275483,925.3795304494487,2.48078802005507,3.540396588677667,1
2025-06-21 19:27:34.275483,978.9012838773297,2.729854665257135,6.794857252496737,1
2025-06-21 19:27:35.275483,962.3834278080949,2.3593647149748227,4.762205640459545,1
2025-06-21 19:27:36.275483,974.6618047998347,2.493002301900608,4.959043190735102,1
2025-06-21 19:27:37.275483,1006.9037894796185,2.854160127127102,3.600098061390206,1
2025-06-21 19:27:38.275483,942.6383565199139,2.3746065884424463,4.335076623212735,1
2025-06-21 19:27:39.275483,927.3879150692753,2.8624897115993857,3.6727959289596486,1
2025-06-21 19:27:40.275483,923.3145671112343,2.6415503870910952,4.740580910114866,1
2025-06-21 19:27:41.275483,925.5256914510369,2.3875066448211464,7.567562720213515,1
2025-06-21 19:27:42.275483,947.6869487175769,2.626481547811104,2.9421482856029657,1
2025-06-21 19:27:43.275483,960.2345592444993,2.694510889925346,2.5796579031848883,1
2025-06-21 19:27:44.275483,958.3007239799006,2.6243619924434394,7.206755491240413,1
2025-06-21 19:27:45.275483,974.8154974710807,2.1859550560219088,4.686014484272201,1
2025-06-21 19:27:46.275483,950.3900567563372,2.3545725648350264,3.996390892010125,1
2025-06-21 19:27:47.275483,993.6060223147196,2.450496272889699,6.559857031094115,1
2025-06-21 19:27:48.275483,942.0602950028613,2.4851133141799906,4.091576690394704,1
2025-06-21 19:27:49.275483,1031.6050749976885,2.6241344195101357,7.739014570320404,1
2025-06-21 19:27:50.275483,968.7700204329502,2.535540200186651,6.016888807008904,1
2025-06-21 19:27:51.275483,924.2852733075115,2.2329311282579796,4.268132887781446,1
2025-06-21 19:27:52.275483,917.8732250581667,2.5760395702011927,8.235962319898256,1
2025-06-21 19:27:53.275483,964.4741724572956,2.6221171490567645,4.091427615494992,1
2025-06-21 19:27:54.275483,943.2961164402245,2.611958089586208,6.113143058013961,1
2025-06-21 19:27:55.275483,971.4200148227627,2.7161561451109244,5.448938870609738,1
2025-06-21 19:27:56.275483,964.1971287372063,2.666784430909781,6.952611934098197,1
2025-06-21 19:27:57.275483,947.8151326202939,2.5918360158456872,7.3422667950902785,1
2025-06-21 19:27:58.275483,924.5961884579478,2.4859668577082705,5.04800622359865,1
2025-06-21 19:27:59.275483,904.554583259424,2.1678078132968017,3.869873194480725,1
2025-06-21 19:28:00.275483,936.6045514379894,2.585923643826517,5.689958214408675,1
2025-06-21 19:28:01.275483,975.6919638297042,2.5415375374326223,3.983426945371841,1
2025-06-21 19:28:02.275483,956.4228123239061,2.554315767439075,8.020080871289935,1
2025-06-21 19:28:03.275483,912.6278366386404,2.244650284835938,5.204802996624106,1
2025-06-21 19:28:04.275483,955.1954277755354,2.2837886919183474,4.452017673031837,1
2025-06-21 19:28:05.275483,961.5595213918651,2.7106305706665808,5.277020458797363,1
2025-06-21 19:28:06.275483,923.484276913966,2.492088969228669,2.9793105657054553,1
2025-06-21 19:28:07.275483,954.6117531783658,2.6363001394745247,3.5425789422340226,1
2025-06-21 19:28:08.275483,951.74626155338,2.505663675226092,6.800620861916638,1
2025-06-21 19:28:09.275483,915.7108910650813,2.505951227899149,4.014658581542906,1
2025-06-21 19:28:10.275483,960.7336208104485,2.6876567611951994,3.4296335259770907,1
2025-06-21 19:28:11.275483,966.823535791047,2.3967910543565254,5.804979128790929,1
2025-06-21 19:28:12.275483,982.4915372952584,2.519224155388197,6.778556231994496,1
2025-06-21 19:28:13.275483,981.614061561047,2.4075449422589914,6.0784299659976,1
2025-06-21 19:28:14.275483,908.6699189612873,2.413100754513537,6.494071528708725,1
2025-06-21 19:28:15.275483,921.8652488025463,2.438165575306272,3.8648073671458087,1
2025-06-21 19:28:16.275483,965.4510580162598,2.5444267543267425,2.8672839998872344,1
2025-06-21 19:28:17.275483,965.4135785273662,2.4042502756673043,7.25200047793323,1
2025-06-21 19:28:18.275483,965.4514305891814,2.7511512251147043,4.515980241736797,1
2025-06-21 19:28:19.275483,1065.5819447196416,2.3210785395560993,4.623750475317429,1
2025-06-21 19:28:20.275483,967.126715320795,2.462625671167728,6.992291212773587,1
2025-06-21 19:28:21.275483,984.066969205418,2.412053788345165,5.83434501410099,1
2025-06-21 19:28:22.275483,978.620052904796,2.7893955768707466,5.683831658122411,1
2025-06-21 19:28:23.275483,969.5417375391739,2.539310955302315,8.247503517351626,1
2025-06-21 19:28:24.275483,940.5419226607896,2.7063689078937267,4.034722654429785,1
2025-06-21 19:28:25.275483,972.769076614798,2.2028879253926057,6.391760192121856,1
2025-06-21 19:28:26.275483,926.8152435638729,2.553410053173852,5.085519687345627,1
2025-06-21 19:28:27.275483,942.8954417977998,2.6779261591246875,5.402888418294886,0
2025-06-21 19:28:28.275483,935.4390935651269,2.516456797855085,7.292702639618797,1
2025-06-21 19:28:29.275483,952.4562241815897,2.71309607501307,5.761753634434435,1
2025-06-21 19:28:30.275483,1019.4397570002053,2.3965423099799255,5.807444118574449,1
2025-06-21 19:28:31.275483,893.9820442222475,2.781869488037116,6.608761005964704,1
2025-06-21 19:28:32.275483,970.5878057112354,2.95977962472385,4.452570905685672,1
2025-06-21 19:28:33.275483,901.6185238643104,2.427432287912068,3.7411854989914906,1
2025-06-21 19:28:34.275483,935.842044026317,2.4108994957198457,3.4327862089684498,1
2025-06-21 19:28:35.275483,982.668517909021,2.79067689542354,2.0504651159359972,1
2025-06-21 19:28:36.275483,951.9284005728639,2.8159144291461424,8.084310694910483,1
2025-06-21 19:28:37.275483,917.6676566621209,2.395427994569346,3.345187451417475,1
2025-06-21 19:28:38.275483,928.540888722201,2.4159626365808284,4.6681195646213425,1
2025-06-21 19:28:39.275483,970.3879324680403,2.4436430782278986,4.584780050166619,1
2025-06-21 19:28:40.275483,928.0890010484859,2.2311098977931447,5.461110046713651,1
2025-06-21 19:28:41.275483,956.4937576874593,2.31626961070316,6.223605818808945,1
2025-06-21 19:28:42.275483,951.3671551971144,2.2991718466495863,6.2907102325396185,1
2025-06-21 19:28:43.275483,930.4519895718255,2.346440486979174,4.125383842146592,1
2025-06-21 19:28:44.275483,1014.3183226797598,2.4930630225226436,4.749317429320382,1
2025-06-21 19:28:45.275483,969.0175706695403,2.5468429465073044,5.42386992573245,1
2025-06-21 19:28:46.275483,889.2457224002718,2.8101000985628155,4.62696331072468,1
2025-06-21 19:28:47.275483,955.5936294430828,2.3003291918522417,7.411018364029989,1
2025-06-21 19:28:48.275483,930.1464060569483,2.696864479695317,5.7364624274573774,1
2025-06-21 19:28:49.275483,975.5730000438867,2.457202231154898,6.102316679074726,1
2025-06-21 19:28:50.275483,926.224377847019,2.4901072580695134,5.994321903001119,1
2025-06-21 19:28:51.275483,946.557906755993,2.6349638984333206,6.760210786227987,1
2025-06-21 19:28:52.275483,965.1496183694137,2.27545559568754,5.27153233805556,1
2025-06-21 19:28:53.275483,975.9726558251036,2.5764819492368103,3.05475207806623,1
2025-06-21 19:28:54.275483,913.9911077883268,2.5332904416426114,5.599531927628963,1
2025-06-21 19:28:55.275483,939.9649629247715,2.59849025280163,4.022964659312256,1
2025-06-21 19:28:56.275483,935.7516406651713,2.5578337287815636,4.207074977375365,1
2025-06-21 19:28:57.275483,930.4001230227886,2.991060027982179,5.87954602813264,1
2025-06-21 19:28:58.275483,1002.9636272084329,2.372452003149737,6.857424607150453,1
2025-06-21 19:28:59.275483,962.1494513288287,2.3938006089996366,5.031907365104092,1
2025-06-21 19:29:00.275483,912.1734813699486,2.3753718947150473,5.463249518898445,1
2025-06-21 19:29:01.275483,977.5358584116433,2.388904576167949,7.553322416952857,1
2025-06-21 19:29:02.275483,1013.664685910379,2.3725225745386966,5.361129769232853,1
2025-06-21 19:29:03.275483,980.9739578165344,2.7378033062215104,8.902524671270593,1
2025-06-21 19:29:04.275483,904.4189010213796,2.784100849597971,5.848264468447316,1
2025-06-21 19:29:05.275483,935.4729778140124,2.385850741250105,2.3588558612662736,1
2025-06-21 19:29:06.275483,988.0073344755987,2.3335288853791543,6.130012431656799,1
2025-06-21 19:29:07.275483,928.7699160314365,2.5942831112772806,5.571737577324167,1
2025-06-21 19:29:08.275483,963.3145828443869,2.389555391143806,6.934629131124119,1
2025-06-21 19:29:09.275483,973.2390216028801,2.626586363551102,6.009772026904938,1
2025-06-21 19:29:10.275483,922.1920858526576,2.54058460417026,4.792316024024339,1
2025-06-21 19:29:11.275483,948.214239318146,2.1968511770005534,3.1635526455659515,1
2025-06-21 19:29:12.275483,852.7619797979278,2.8095010402660123,4.686465114070963,1
2025-06-21 19:29:13.275483,919.2683707599713,2.859175534619104,3.7242193186860497,1
2025-06-21 19:29:14.275483,942.4229554582051,2.3774422619031226,4.129214825292916,1
2025-06-21 19:29:15.275483,912.5665045410545,2.422459688012803,5.8828676066309145,1
2025-06-21 19:29:16.275483,998.9723391179491,2.557173078144981,7.50485675652711,1
2025-06-21 19:29:17.275483,907.095758661181,2.566891357997405,5.592007294734472,1
2025-06-21 19:29:18.275483,936.7986653990905,2.631708854534566,3.2061754069472235,1
2025-06-21 19:29:19.275483,953.9222173185827,2.90204090775327,5.666904002330211,1
2025-06-21 19:29:20.275483,993.2381986719835,2.4646105545011903,6.794947229968477,1
2025-06-21 19:29:21.275483,906.9241354646168,2.3403405510923094,4.085325643520926,1
2025-06-21 19:29:22.275483,984.8949125646488,2.2241361543970948,4.798974249990623,1
2025-06-21 19:29:23.275483,950.3069918305877,2.353813992011616,5.022032292093796,1
2025-06-21 19:29:24.275483,920.5547404685615,2.4933746054252404,3.82265253037664,1
2025-06-21 19:29:25.275483,963.8631042278981,2.8589115727035574,5.972420650765788,1
2025-06-21 19:29:26.275483,955.971790867204,2.3964777401927657,4.818577777088327,1
2025-06-21 19:29:27.275483,931.9934936852362,2.5447575903277797,5.629298665860541,1
2025-06-21 19:29:28.275483,952.0940625497005,2.4967154207854496,3.66876173329685,1
2025-06-21 19:29:29.275483,938.4405920941472,2.737678654689617,4.343812549514884,1
2025-06-21 19:29:30.275483,953.4055203575374,3.0053864851747245,6.083572036741657,1
2025-06-21 19:29:31.275483,969.8639202356314,2.393826245415936,4.440750271862349,1
2025-06-21 19:29:32.275483,997.5805044843605,2.4021121114963555,7.590445776850108,1
2025-06-21 19:29:33.275483,912.8655350351945,2.7088321754138143,4.400545721578096,1
2025-06-21 19:29:34.275483,1013.991001239688,2.6363782979252623,5.337027088627829,1
2025-06-21 19:29:35.275483,891.437366014325,2.869341465147207,6.398886247809635,1
2025-06-21 19:29:36.275483,945.4464471489325,2.6167856370651927,2.8724514006004522,1
2025-06-21 19:29:37.275483,967.6495161945373,2.428141581842588,2.358786782028836,1
2025-06-21 19:29:38.275483,958.4297560320509,2.618130966138462,2.711515528144858,1
2025-06-21 19:29:39.275483,931.3190144053822,2.7217407161165816,6.893876155140774,1
2025-06-21 19:29:40.275483,943.7563324892817,2.664096436239473,4.172212781161329,1
2025-06-21 19:29:41.275483,935.2099719602351,2.6014548062214597,8.837298928502378,1
2025-06-21 19:29:42.275483,932.3190572916736,2.7133349379178306,4.153628602013917,1
2025-06-21 19:29:43.275483,975.4880629106308,2.7338591180891347,5.276826954795555,1
2025-06-21 19:29:44.275483,960.7104645789515,2.7764317982075055,7.313164928851814,1
2025-06-21 19:29:45.275483,929.2127121421804,2.6297419775179285,8.009139332238684,1
2025-06-21 19:29:46.275483,976.9879962629975,2.466576383936629,8.092255364954596,1
2025-06-21 19:29:47.275483,959.2189856262983,2.5293427372866644,6.812549345889714,1
2025-06-21 19:29:48.275483,974.3858635651688,2.7413017933016715,6.536093788717194,1
2025-06-21 19:29:49.275483,968.8888652577084,2.336612865802553,5.888790423801774,1
2025-06-21 19:29:50.275483,156.79373282956504,2.5737346617745804,24.245383341866514,0
2025-06-21 19:29:51.275483,138.51205964841344,2.4213322375345276,23.207469415925075,0
2025-06-21 19:29:52.275483,156.6631250090921,2.5057489645869633,29.267109585095522,0
2025-06-21 19:29:53.275483,154.62591292853952,2.75569037252146,30.216698991392736,0
2025-06-21 19:29:54.275483,132.74193271209404,2.538219813603981,27.936574152345386,0
2025-06-21 19:29:55.275483,143.22435347664344,2.5092873096312296,25.255954427695073,0
2025-06-21 19:29:56.275483,161.94109403047372,2.2280287718040164,22.57520283507722,0
2025-06-21 19:29:57.275483,140.1883446886032,2.6492507132054444,22.508666780330305,0
2025-06-21 19:29:58.275483,145.35595737690613,2.629096836228215,26.567542315797272,0
2025-06-21 19:29:59.275483,154.62060893251896,2.932650944661092,26.25519466266605,0
2025-06-21 19:30:00.275483,157.83390509282594,2.4384443530094,29.204795778839287,0
2025-06-21 19:30:01.275483,982.9633055596157,2.543830065532788,4.709510811080423,1
2025-06-21 19:30:02.275483,974.7624904696409,2.549876736742151,3.9247665190957925,1
2025-06-21 19:30:03.275483,974.4052890800192,2.815490655952695,2.20019507439041,1
2025-06-21 19:30:04.275483,989.1643642146298,2.4809408935226096,4.875978971235951,1
2025-06-21 19:30:05.275483,950.6301152489827,2.555804305154068,4.8173787374250745,1
2025-06-21 19:30:06.275483,970.4585891388489,2.621579301943308,7.270174614863197,1
2025-06-21 19:30:07.275483,940.6919973021963,2.5373218246312716,5.946217526832166,1
2025-06-21 19:30:08.275483,959.7249905746532,2.4107132770898945,3.4637197635061927,1
2025-06-21 19:30:09.275483,946.0957083689694,2.5388179985796615,7.781138849501282,1
2025-06-21 19:30:10.275483,952.9098789497815,2.7147263499719543,6.83155054328803,1
2025-06-21 19:30:11.275483,967.8547107631074,2.294696940117788,5.873146555202924,1
2025-06-21 19:30:12.275483,925.4533795029959,2.5265939348293753,4.660273851725252,1
2025-06-21 19:30:13.275483,1012.7716182705637,2.3599758370121653,3.5608411449147805,1
2025-06-21 19:30:14.275483,919.8194785550089,2.7390093257849686,4.4416898358934205,1
2025-06-21 19:30:15.275483,913.5743416163681,2.195362619043245,6.633122929556279,1
2025-06-21 19:30:16.275483,984.7433262050021,2.3882156305456825,7.826879458901914,1
2025-06-21 19:30:17.275483,973.7498808188881,2.575442375012904,7.3148652924082835,1
2025-06-21 19:30:18.275483,968.7235945115647,2.813104805846868,4.266725867320589,1
2025-06-21 19:30:19.275483,968.8503652779284,2.4868499477854025,3.3205738500664834,1
2025-06-21 19:30:20.275483,949.6325968145926,2.3889600946613605,5.211329370366806,1
2025-06-21 19:30:21.275483,923.0823688554251,2.876231413888118,2.3473409516557227,1
2025-06-21 19:30:22.275483,952.2741367458118,2.210397219916751,5.484751571277172,1
2025-06-21 19:30:23.275483,929.6851486546367,2.0602388086759835,4.778596120551997,1
2025-06-21 19:30:24.275483,979.2535920025325,2.5880028900106664,4.300945247197637,1
2025-06-21 19:30:25.275483,945.5882785549359,2.399589155129478,2.607945399099807,1
2025-06-21 19:30:26.275483,925.2350840962247,2.2957534365738574,5.770400159854574,1
2025-06-21 19:30:27.275483,940.3584247504102,2.641671289459871,4.200948740507133,1
2025-06-21 19:30:28.275483,962.3879436282688,2.5487601427542397,3.245124746434568,1
2025-06-21 19:30:29.275483,933.0882634158808,2.3871842738526543,0.691606680077526,1
2025-06-21 19:30:30.275483,925.333388133007,2.243939120265821,4.958727642424045,1
2025-06-21 19:30:31.275483,957.3106163447574,2.674491465656029,7.658377395004616,1
2025-06-21 19:30:32.275483,957.3489971332617,2.630040235591732,7.491888821821805,1
2025-06-21 19:30:33.275483,934.7917047388661,2.4801648272441232,4.314355615120592,1
2025-06-21 19:30:34.275483,935.8688508314503,2.869327399209533,4.096681909457329,1
2025-06-21 19:30:35.275483,956.9614981207291,2.2859830467347697,5.703161384112535,1
2025-06-21 19:30:36.275483,906.5574697550803,2.194894965815052,3.5024218412175627,1
2025-06-21 19:30:37.275483,907.7760867687033,2.361618386023751,5.452687849729199,1
2025-06-21 19:30:38.275483,928.446673362427,2.4908827967289002,6.149120417577036,1
2025-06-21 19:30:39.275483,943.5965854486445,2.5486678898645385,6.840399835826462,1
2025-06-21 19:30:40.275483,959.3272269679402,2.4517527884287342,4.849768885280071,1
2025-06-21 19:30:41.275483,994.2606865084865,2.5704110793028594,4.694489374734551,1
2025-06-21 19:30:42.275483,975.7297886960606,2.249692115161911,3.6830261198651586,1
2025-06-21 19:30:43.275483,945.2018441010972,2.7887529208146518,3.75967946894021,1
2025-06-21 19:30:44.275483,949.4295137629193,2.4835697643214862,4.66028166214771,1
2025-06-21 19:30:45.275483,919.9241190608657,2.7234591663176255,5.551048260224267,1
2025-06-21 19:30:46.275483,949.4446059202284,2.5685450692755407,6.370376939349875,1
2025-06-21 19:30:47.275483,941.3402408323958,2.591350643830757,3.795231573979483,1
2025-06-21 19:30:48.275483,959.6815568101426,2.6139534560464406,7.239032853439283,1
2025-06-21 19:30:49.275483,925.1830716934303,2.589541712003463,4.593314598436147,1
2025-06-21 19:30:50.275483,965.5803954272352,2.628544551973509,4.967949058477346,1
2025-06-21 19:30:51.275483,995.9821673900773,2.7658305060264863,3.879182481278265,1
2025-06-21 19:30:52.275483,946.7371955462943,2.5393042339402943,1.3636396095905878,1
2025-06-21 19:30:53.275483,962.0513516629683,2.6418007515177027,6.326068094541575,1
2025-06-21 19:30:54.275483,970.7043197513334,2.4820528611425545,6.10526584563865,1
2025-06-21 19:30:55.275483,937.9633858434249,2.7880234430898945,4.57800866432268,1
2025-06-21 19:30:56.275483,956.7227744543125,2.364721539588146,5.100486075837308,1
2025-06-21 19:30:57.275483,950.3777720234539,2.860188086582163,5.773908826556149,1
2025-06-21 19:30:58.275483,952.9302829564649,2.491968409871131,2.6561812146701858,1
2025-06-21 19:30:59.275483,926.809706484336,2.2138449795763906,4.206420983980558,1
2025-06-21 19:31:00.275483,950.7353052277683,2.525620882982158,6.19139701943274,1
2025-06-21 19:31:01.275483,964.9399487373635,2.363789668505024,3.1185658652461257,1
2025-06-21 19:31:02.275483,993.5343082338512,2.668128709797745,5.440336898249944,1
2025-06-21 19:31:03.275483,978.7781247825562,2.3694752041395217,2.965127293064892,1
2025-06-21 19:31:04.275483,1014.5954737253467,2.410763313357044,5.699644973650289,1
2025-06-21 19:31:05.275483,926.9795731133585,2.1220918538108937,4.946537776553774,1
2025-06-21 19:31:06.275483,976.1696191016204,2.4095387361501848,2.5773022761417357,1
2025-06-21 19:31:07.275483,955.5002601721505,2.0152241346742086,6.747109031685757,1
2025-06-21 19:31:08.275483,1015.6940879965301,2.1832194353028553,3.898112634802926,1
2025-06-21 19:31:09.275483,925.7510514393455,2.6520829312288594,3.7846213444784285,1
2025-06-21 19:31:10.275483,924.8083447345767,2.6571600317301662,5.300853795846415,1
2025-06-21 19:31:11.275483,932.0182206366793,2.585091512356993,6.722956024143073,1
2025-06-21 19:31:12.275483,886.2831282707058,2.3066047713741575,3.4762672715324046,1
2025-06-21 19:31:13.275483,934.2273493495771,2.490457728771604,5.092519774771957,1
2025-06-21 19:31:14.275483,927.2260201533891,2.4992794921818864,5.643224750495859,1
2025-06-21 19:31:15.275483,954.5118135942862,2.2683270621614913,6.039658410894717,1
2025-06-21 19:31:16.275483,960.2526792733148,2.8006796603534303,5.2646623329158375,1
2025-06-21 19:31:17.275483,1006.2851251764766,2.6754724581151343,4.449458241375017,1
2025-06-21 19:31:18.275483,978.5127151455815,2.4558071652340674,3.7586146690269207,1
2025-06-21 19:31:19.275483,932.6928903301279,2.505377167798906,5.129215824569562,1
2025-06-21 19:31:20.275483,923.0475598595492,2.5416765615895107,3.3917914820215898,1
2025-06-21 19:31:21.275483,964.7575751451951,2.091653026315142,0.6179742747580885,1
2025-06-21 19:31:22.275483,910.3930037893807,2.4505645234958804,5.654839706236501,1
2025-06-21 19:31:23.275483,1004.9437629756306,2.3636031504004404,6.355902261629293,1
2025-06-21 19:31:24.275483,985.3832036216386,2.299675998021017,1.4556013466872422,1
2025-06-21 19:31:25.275483,935.9247304368589,2.443779941422809,3.485403942935094,1
2025-06-21 19:31:26.275483,898.6059641272736,2.8595373053699045,5.928731391507797,1
2025-06-21 19:31:27.275483,990.6161712249624,2.628168572253402,8.086243204567548,1
2025-06-21 19:31:28.275483,946.5638046424215,2.3857642020434406,5.031190561513112,1
2025-06-21 19:31:29.275483,987.1344893592038,2.614516556271232,3.9079955881562984,1
2025-06-21 19:31:30.275483,902.167170236169,2.7798710873172006,4.72565533834274,1
2025-06-21 19:31:31.275483,932.0187493113868,2.684926736582554,7.062314628722277,1
2025-06-21 19:31:32.275483,950.1573109915455,2.511926073984035,4.031053731313197,1
2025-06-21 19:31:33.275483,951.4094178129423,2.3706126444588853,3.8012119900246195,1
2025-06-21 19:31:34.275483,936.4980358556227,2.639644662722718,4.275884716726951,1
2025-06-21 19:31:35.275483,968.685497970425,2.57869707708435,3.5700070876119314,1
2025-06-21 19:31:36.275483,917.9713871185222,2.6790386440055465,5.184005473992193,1
2025-06-21 19:31:37.275483,945.7286154493612,2.6270343603363937,7.437017687704341,1
2025-06-21 19:31:38.275483,953.608868951357,2.709910543063867,5.484618909674044,1
2025-06-21 19:31:39.275483,965.4331650217624,2.3929529576878865,4.621469746810568,1
2025-06-21 19:31:40.275483,971.3484463426666,2.763478813126865,4.562283096626684,1
2025-06-21 19:31:41.275483,916.2607372448639,2.53951992093848,2.6552137869550143,1
2025-06-21 19:31:42.275483,903.9765748779313,2.9150521745250533,6.324664665720738,1
2025-06-21 19:31:43.275483,988.3303046569553,2.3621624363820866,4.883244204480797,1
2025-06-21 19:31:44.275483,959.9694203593878,2.84719276063305,4.729280129614062,1
2025-06-21 19:31:45.275483,927.5454039033034,2.5395821566925294,9.789661351767291,1
2025-06-21 19:31:46.275483,996.5345592656757,2.3697163992771104,5.44812936254853,1
2025-06-21 19:31:47.275483,953.4702390287857,2.403222833189136,3.8723134248572233,1
2025-06-21 19:31:48.275483,985.3789155219148,2.435930538361136,4.360463605691685,1
2025-06-21 19:31:49.275483,952.0255544423032,2.584833189280383,6.722668563795132,1
2025-06-21 19:31:50.275483,1011.8224377464596,2.6045670976071,5.1699056158066465,1
2025-06-21 19:31:51.275483,1002.6602252732962,2.385259999212284,2.84258303252395,1
2025-06-21 19:31:52.275483,942.5310755456278,2.4951290815478036,6.378843401862805,1
2025-06-21 19:31:53.275483,979.1471285286307,2.928454071722373,3.9977838716915093,1
2025-06-21 19:31:54.275483,969.3612784875544,2.8455086340201423,7.8099466643263185,0
2025-06-21 19:31:55.275483,991.0589467259705,2.5872647339348065,6.620072098571972,1
2025-06-21 19:31:56.275483,921.0522961825968,2.50760069563364,4.329017156511873,1
2025-06-21 19:31:57.275483,970.5815437999531,2.5240062653436524,6.921524542602669,1
2025-06-21 19:31:58.275483,981.7527346054876,2.6227035945460835,5.101783265791105,1
2025-06-21 19:31:59.275483,897.2378154073066,2.295441486960319,6.27916051268333,1
2025-06-21 19:32:00.275483,914.5022446200268,2.448524692515331,5.727099225941712,1
2025-06-21 19:32:01.275483,888.823034667197,2.166283185224482,3.7304650175136898,1
2025-06-21 19:32:02.275483,941.9177949666632,2.579844624521056,4.034675251523807,1
2025-06-21 19:32:03.275483,971.5262676738789,2.629439187940548,6.544941226371742,1
2025-06-21 19:32:04.275483,995.0707115628809,2.403362707540125,4.497837001840189,1
2025-06-21 19:32:05.275483,952.2228434125933,2.8147973526580063,4.394527305137005,1
2025-06-21 19:32:06.275483,998.8584663671387,2.254846867399532,3.5673161309759704,1
2025-06-21 19:32:07.275483,908.5969562535532,2.207125023958036,5.635398598390191,1
2025-06-21 19:32:08.275483,898.8985268193453,2.5448903637119944,8.093787378864718,1
2025-06-21 19:32:09.275483,948.3335690331014,2.709419660522431,3.398700628618591,1
2025-06-21 19:32:10.275483,961.5219634681793,2.836785538291574,5.036329185009137,1
2025-06-21 19:32:11.275483,949.0191575571772,2.408223147426212,7.118330833123144,1
2025-06-21 19:32:12.275483,887.9767369988037,2.715736166686259,4.880537913131428,1
2025-06-21 19:32:13.275483,947.3263988146164,2.4922983060998587,5.678557694374601,1
2025-06-21 19:32:14.275483,910.8659149848544,2.465474540011836,3.40640970777968,1
2025-06-21 19:32:15.275483,970.0901764649011,2.6767319874973343,5.6424606458114726,1
2025-06-21 19:32:16.275483,960.9979473829054,2.630464575682684,4.719283602493177,1
2025-06-21 19:32:17.275483,921.8036064101793,2.18472156860315,6.478594993519795,1
2025-06-21 19:32:18.275483,934.5839924798992,2.7953080699451793,6.781079077347127,1
2025-06-21 19:32:19.275483,918.2235943433315,2.7760182708294905,8.88434546302792,1
2025-06-21 19:32:20.275483,948.1196270818049,2.374887459698094,5.869449759820363,1
2025-06-21 19:32:21.275483,978.6542696150372,2.5791607066874818,5.48869447487325,1
2025-06-21 19:32:22.275483,920.4282186099337,2.598806037256548,5.291576452366004,1
2025-06-21 19:32:23.275483,965.1213954655353,2.5521347531647813,4.470250560783968,1
2025-06-21 19:32:24.275483,934.0922714488268,2.389938969230916,5.507725765192537,1
2025-06-21 19:32:25.275483,926.2138150321297,2.3656753264123895,4.556897884791455,1
2025-06-21 19:32:26.275483,946.7890892013633,2.494889185801711,5.252691464404421,1
2025-06-21 19:32:27.275483,918.9427303274188,2.734545803851873,6.976396303411939,1
2025-06-21 19:32:28.275483,933.3905208395845,2.6087200309188865,3.4901861520805384,1
2025-06-21 19:32:29.275483,914.0636632223345,2.425877133582779,6.709817841693568,1
2025-06-21 19:32:30.275483,1008.9417539874917,2.654339742129669,6.975672601009798,1
2025-06-21 19:32:31.275483,951.0579065591519,1.9302914758739849,4.822897209513382,1
2025-06-21 19:32:32.275483,929.0082347602224,2.7297531400744206,1.8172176514871081,1
2025-06-21 19:32:33.275483,956.4193973220266,2.15205724424438,4.0882670193583515,1
2025-06-21 19:32:34.275483,946.6301585092751,2.4275118117193735,6.9454918198416635,1
2025-06-21 19:32:35.275483,943.3709120140034,2.2760660210747714,4.965697906551677,1
2025-06-21 19:32:36.275483,968.4250010013028,2.2410637048558186,3.5010466515576337,1
2025-06-21 19:32:37.275483,972.7252313014192,2.732165357475704,4.242837618157674,1
2025-06-21 19:32:38.275483,934.0849655716842,2.4064597597376216,6.260930039756829,1
2025-06-21 19:32:39.275483,932.7254527806596,2.569300776346143,5.8201003523020685,1
2025-06-21 19:32:40.275483,941.7484490854507,2.4906158842241632,4.641601851245459,1
2025-06-21 19:32:41.275483,880.9423650579324,2.595408165444624,4.449763382277968,1
2025-06-21 19:32:42.275483,904.5442681340435,2.515364378212051,4.412362776434267,1
2025-06-21 19:32:43.275483,991.0062280233358,2.243401555162286,3.616384723252246,1
2025-06-21 19:32:44.275483,999.3490314050385,2.699253363889428,7.423063534204163,1
2025-06-21 19:32:45.275483,942.5289188133087,2.4012486833677373,4.51651929618299,1
2025-06-21 19:32:46.275483,967.296708891673,2.1886836202680495,6.825737781238245,1
2025-06-21 19:32:47.275483,959.3375046363061,2.4143769678068177,7.281974077883677,0
2025-06-21 19:32:48.275483,1042.3664242536572,2.8001519581268624,6.49746634722194,1
2025-06-21 19:32:49.275483,983.5872473430373,2.6700443484226986,4.352569530922928,1
2025-06-21 19:32:50.275483,946.162472255577,2.4302695731184283,5.605595135504914,1
2025-06-21 19:32:51.275483,921.3337867819872,2.4301484591363143,4.963706590413626,1
2025-06-21 19:32:52.275483,901.8066103922728,2.4356729897565237,3.6444472089048077,1
2025-06-21 19:32:53.275483,956.1039090760167,2.915349596712168,5.486538922582405,1
2025-06-21 19:32:54.275483,927.309477641471,2.576387090446311,3.231440313260296,1
2025-06-21 19:32:55.275483,907.3323887120698,2.586008329438214,6.781519082692346,1
2025-06-21 19:32:56.275483,930.6028134727242,2.7060566908063683,4.30307405405241,1
2025-06-21 19:32:57.275483,917.5535598915682,2.5477578318053027,5.301739483809259,1
2025-06-21 19:32:58.275483,1000.614249052177,2.4481915708358595,5.424931807319213,1
2025-06-21 19:32:59.275483,976.4491927084836,2.4607300301830044,4.611642539443884,1
2025-06-21 19:33:00.275483,949.7608207605015,2.485679748117187,5.880040702212912,1
2025-06-21 19:33:01.275483,994.3983241667008,2.4925555526980316,4.287644515066213,1
2025-06-21 19:33:02.275483,952.3210492294286,2.645525908727396,6.306945946185866,1
2025-06-21 19:33:03.275483,924.1614739601521,2.5103891771614597,2.981030479629877,1
2025-06-21 19:33:04.275483,995.6937223180897,2.6465280154431157,5.189569369319618,1
2025-06-21 19:33:05.275483,966.1673013105398,2.4838566839782836,7.908393498587428,1
2025-06-21 19:33:06.275483,918.8826153702063,2.515727038063218,3.499503013091638,1
2025-06-21 19:33:07.275483,944.2898396574917,2.1003598630935785,3.9833825442127226,1
2025-06-21 19:33:08.275483,923.7314523984572,2.6832655349404964,5.770861774488372,1
2025-06-21 19:33:09.275483,908.5160080710699,2.5692976951795985,5.269372672909397,1
2025-06-21 19:33:10.275483,977.7853264259493,2.6996020219719306,5.525945148910338,1
2025-06-21 19:33:11.275483,1007.282499214104,1.920748924361262,5.733780695221495,1
2025-06-21 19:33:12.275483,908.0429727854257,2.9176749409561458,5.9520822028426545,1
2025-06-21 19:33:13.275483,966.8890771007171,2.472082074368965,6.664549762934335,1
2025-06-21 19:33:14.275483,930.4807229263452,2.7216365633475035,5.6147279853927685,1
2025-06-21 19:33:15.275483,935.3862384870591,2.292018814574894,4.638113518072187,1
2025-06-21 19:33:16.275483,932.2281822728339,2.622554781012514,6.008860551804097,1
2025-06-21 19:33:17.275483,924.0802769096056,2.2893168873652687,7.849822902342823,1
2025-06-21 19:33:18.275483,951.4556488383448,2.375246207860839,4.801049380426139,1
2025-06-21 19:33:19.275483,925.0714965076688,2.882806270773357,3.538206042994038,1
2025-06-21 19:33:20.275483,958.1137047733952,2.4618635198473307,6.660621003930459,1
2025-06-21 19:33:21.275483,948.4928567165259,2.5434865746359447,4.819428254069603,1
2025-06-21 19:33:22.275483,942.8315585940077,2.674013546137751,1.740995680978946,1
2025-06-21 19:33:23.275483,922.7730901387521,2.599136377594521,6.271132515725633,1
2025-06-21 19:33:24.275483,932.69686008295,2.5300837810287153,4.197007721069116,1
2025-06-21 19:33:25.275483,972.6617367747726,2.5729922004932453,4.864200076543759,1
2025-06-21 19:33:26.275483,965.0275156287314,2.980683117047655,5.497970495853522,1
2025-06-21 19:33:27.275483,920.6733426560435,2.488476240593283,5.2857495196686,1
2025-06-21 19:33:28.275483,952.9799691628767,2.5402198093429935,6.064177725708559,1
2025-06-21 19:33:29.275483,972.5416137011537,2.7101308792015226,4.346770444145235,1
2025-06-21 19:33:30.275483,899.9178415663589,2.721105186591597,5.769658697264124,1
2025-06-21 19:33:31.275483,966.300805771398,2.737406061112076,4.610679983624125,1
2025-06-21 19:33:32.275483,930.1212872316246,2.627746044405837,6.108215721331255,1
2025-06-21 19:33:33.275483,967.1179600577948,2.2713990174539034,5.92305122601958,1
2025-06-21 19:33:34.275483,927.1022253037245,2.8266863064602195,3.596841946933107,0
2025-06-21 19:33:35.275483,895.8535369800644,2.2707309213962623,6.628973174262549,1
2025-06-21 19:33:36.275483,901.1737268635052,2.560527093047807,4.196054832328928,1
2025-06-21 19:33:37.275483,951.4425483998415,2.3491448299961286,6.212086697421718,1
2025-06-21 19:33:38.275483,957.7916750516445,2.4871723306814015,5.550930970102011,1
2025-06-21 19:33:39.275483,922.8705012468678,2.565752482060696,7.757275515192684,1
2025-06-21 19:33:40.275483,969.1577737633212,2.5642714430900546,4.6648010264422215,1
2025-06-21 19:33:41.275483,900.1543981319312,2.584384150847057,4.4760248058227035,1
2025-06-21 19:33:42.275483,948.0176060405805,2.8227422538117293,4.970870591168401,1
2025-06-21 19:33:43.275483,913.6695140071263,2.590706860302796,4.545230325748587,1
2025-06-21 19:33:44.275483,930.4449167659352,2.4511686729418702,6.199912852913075,1
2025-06-21 19:33:45.275483,951.4219601394924,2.6928174336576713,2.575534087345118,1
2025-06-21 19:33:46.275483,924.1875990414815,2.737894097784928,3.419476371280469,1
2025-06-21 19:33:47.275483,938.4633336731052,2.2544784369726014,3.3982956176312102,1
2025-06-21 19:33:48.275483,980.1887842764332,2.6194800139699717,6.425461387960364,1
2025-06-21 19:33:49.275483,932.6932439143055,2.6402345484621796,7.565920058872888,1
2025-06-21 19:33:50.275483,975.0707633619543,2.4404872993280016,4.843326172193793,1
2025-06-21 19:33:51.275483,916.1087943602714,2.775141362662324,4.746767415214984,1
2025-06-21 19:33:52.275483,965.8941253374585,2.4699888825934946,5.105078244669772,1
2025-06-21 19:33:53.275483,993.247058619737,2.5251152906943086,6.742817453912286,1
2025-06-21 19:33:54.275483,875.8506649961813,2.465385635143226,3.608970298714139,1
2025-06-21 19:33:55.275483,926.0931423358857,2.5031158095162933,5.357553474102177,1
2025-06-21 19:33:56.275483,967.3121638154162,2.2807449826209596,6.462796444673645,1
2025-06-21 19:33:57.275483,943.9086384187102,2.211989823481141,5.751641254909768,1
2025-06-21 19:33:58.275483,961.1343762011393,2.8189010126449947,5.284372424898115,1
2025-06-21 19:33:59.275483,931.8804443985254,2.3306077303363346,6.501569138850712,1
2025-06-21 19:34:00.275483,952.597693624187,2.3017215301087384,0.9451515605011442,1
2025-06-21 19:34:01.275483,945.3296829382376,2.069321977279257,6.016812979296361,1
2025-06-21 19:34:02.275483,985.0334618497942,2.3722076504620997,4.0188864753088644,1
2025-06-21 19:34:03.275483,957.6326252990364,2.2353820413185,2.2540506547153147,1
2025-06-21 19:34:04.275483,960.1280798622561,2.828403032027274,5.766803899287471,1
2025-06-21 19:34:05.275483,937.643691016326,2.701963417868527,7.060487817744437,1
2025-06-21 19:34:06.275483,935.3718132778251,2.362369930964455,4.793827228058462,1
2025-06-21 19:34:07.275483,937.0232543654114,2.9504871610688617,6.429311820804408,1
2025-06-21 19:34:08.275483,961.8335642713489,2.696353097398319,7.418417386982968,1
2025-06-21 19:34:09.275483,937.3704655753921,2.4350337232982757,6.972371680376071,1
2025-06-21 19:34:10.275483,958.6932457068924,2.0001188570252855,7.459946794057089,1
2025-06-21 19:34:11.275483,1012.2620239593632,2.9581885145181483,6.113191236607838,1
2025-06-21 19:34:12.275483,976.1337411029508,2.222085506647281,5.113150458352389,1
2025-06-21 19:34:13.275483,940.2192940349647,2.1709202506086216,2.597051282154247,1
2025-06-21 19:34:14.275483,986.0364176649183,2.704514086401928,4.630906267805077,1
2025-06-21 19:34:15.275483,937.7577388093534,2.9879504812678546,3.7351301070257126,1
2025-06-21 19:34:16.275483,888.8562639446644,2.776854563702104,8.25641407624672,1
2025-06-21 19:34:17.275483,919.7574106724779,2.612781824010472,4.736171281351495,1
2025-06-21 19:34:18.275483,893.8762423692243,2.6189508683330573,5.184807210176729,1
2025-06-21 19:34:19.275483,939.4545954787608,2.6706831117560617,5.8272280640607015,1
2025-06-21 19:34:20.275483,950.5525513756866,2.651785717957353,5.06540366955868,1
2025-06-21 19:34:21.275483,1000.2931193682584,2.556238284793875,7.542576560646129,1
2025-06-21 19:34:22.275483,959.8078212129249,2.520840220790375,4.066025957398322,1
2025-06-21 19:34:23.275483,943.4269841357341,2.4874813744200956,5.2919111828558645,1
2025-06-21 19:34:24.275483,974.8821674355047,2.349207082226665,3.8862941214529276,1
2025-06-21 19:34:25.275483,883.6659407297634,2.443864984626645,3.019966233168941,1
2025-06-21 19:34:26.275483,957.0684367432569,2.161408637160923,4.082346363642072,1
2025-06-21 19:34:27.275483,973.125955816609,2.48033207464105,4.944444804427382,1
2025-06-21 19:34:28.275483,905.6424126266047,2.3022817785698164,4.35604666322411,1
2025-06-21 19:34:29.275483,984.3126212962079,2.2792821365568456,3.9613685301892163,1
2025-06-21 19:34:30.275483,960.1548922248325,2.535978830230696,2.890523804492249,1
2025-06-21 19:34:31.275483,937.5413625829759,2.77840045726892,4.875341641056957,1
2025-06-21 19:34:32.275483,968.9834559831885,2.683663321200463,2.7429194389534968,1
2025-06-21 19:34:33.275483,1018.1207857341319,2.1858998792753646,6.140083945534403,1
2025-06-21 19:34:34.275483,955.4559876517549,2.3020743726859325,5.123659629401755,1
2025-06-21 19:34:35.275483,957.4466175890101,2.6881542375976433,2.813672750802604,1
2025-06-21 19:34:36.275483,936.2191730137927,2.303502521292338,4.536186384425205,1
2025-06-21 19:34:37.275483,924.5046689160563,2.455073370000595,3.871765391614125,1
2025-06-21 19:34:38.275483,974.9100744963274,2.6100104198049103,5.478761765628771,1
2025-06-21 19:34:39.275483,924.317485222734,2.306331109027273,7.0106756690347165,1
2025-06-21 19:34:40.275483,952.1469871165817,2.521075101229192,2.187241295531383,1
2025-06-21 19:34:41.275483,935.6702765970465,2.233194901016359,5.172539118721126,1
2025-06-21 19:34:42.275483,964.3693947723917,2.379726471209757,4.7598008066500395,1
2025-06-21 19:34:43.275483,960.0098631586085,2.5639563868285076,6.0070101146756985,1
2025-06-21 19:34:44.275483,981.126198327737,2.181401253293666,5.319794942356534,1
2025-06-21 19:34:45.275483,934.6995080343576,2.58809494759208,3.8720460023917713,1
2025-06-21 19:34:46.275483,941.9037519411988,2.4960724402146637,4.521419096500073,1
2025-06-21 19:34:47.275483,920.6370885265308,2.6104979908834296,3.8059612147947663,1
2025-06-21 19:34:48.275483,936.6712021977166,2.5447828268129324,6.614010707897897,1
2025-06-21 19:34:49.275483,961.3190147913456,2.7728280859947687,5.031967473007914,1
